{"cameraMode":{"drawMode":0,"name":"Shaded","section":"Shading Mode"},"sceneLighting":true,"audioPlay":false,"sceneViewState":{"m_AlwaysRefresh":false,"showFog":true,"showSkybox":true,"showFlares":true,"showImageEffects":true,"showParticleSystems":true,"showVisualEffectGraphs":true,"m_FxEnabled":true},"in2DMode":false,"pivot":{"x":339.4561767578125,"y":201.6815185546875,"z":-14.750858306884766},"rotation":{"x":0.030293865129351617,"y":0.026979776099324228,"z":-0.0008179856231436133,"w":0.9991776943206787},"size":270.9142761230469,"orthographic":true}