{"cameraMode":{"drawMode":0,"name":"Shaded","section":"Shading Mode"},"sceneLighting":true,"audioPlay":false,"sceneViewState":{"m_AlwaysRefresh":false,"showFog":true,"showSkybox":true,"showFlares":true,"showImageEffects":true,"showParticleSystems":true,"showVisualEffectGraphs":true,"m_FxEnabled":true},"in2DMode":false,"pivot":{"x":382.0440979003906,"y":146.88308715820313,"z":53.88716506958008},"rotation":{"x":0.05577904358506203,"y":-0.007492519449442625,"z":0.0004182166012469679,"w":0.9984241127967835},"size":283.7627258300781,"orthographic":true}